{
    "name": "bitlord",
    "language": ["en"],
    "domains": ["bitlordsearch.com"],
    "base_url": "http://www.bitlordsearch.com",
    "search_url_format_episode": {
      "string_format": "/search?q=%s+s%02de%02d",
      "replacement": [
        "title_lower",
        "season_int",
        "episode_int"
      ]
    },
    "search_url_format_movie": {
      "string_format": "/search?q=%s+%04d",
      "replacement": [
        "title_lower",
        "year_int"
      ]
    },
    "search_url_format_season_pack": {
      "string_format": "/search?q=%s",
      "replacement": [
        "title_lower"
      ]
    },
    "more_pages_indicator": "",
    "next_page_path" : "",
    "next_page_path_attr": "",
    "links_on_first_page": true,
    "drill_down_path": "",
    "drill_down_path_attr": "",
    "is_torrent": true,
    "is_direct": false,
    "links_container_path": "tbody tr",
    "link_path": "",
    "link_path_attr": "",
    "title_path": "span.title",
    "title_path_attr": "",
    "details_path": "|title_path|",
    "details_path_attr": "",
    "magnet_path": "a[title=magnet]",
    "magnet_path_attr": "href",
    "seeders_path": "td.seeds",
    "seeders_path_attr": "",
    "filesize_path": "td.size",
    "filesize_path_attr": "",
    "filesize_units": "mb",
    "quality_path": "|title_path|",
    "quality_path_attr": "",
    "info_path": "|title_path|",
    "info_path_attr": ""
  }
  