{
  "name": "eztv",
  "language": ["en"],
  "domains": ["glodls.to"],
  "base_url": "https://glodls.to",
  "search_url_format_episode": {
    "string_format": "/search_results.php?search=%s-s%02de%02d&cat=41&incldead=0&inclexternal=0&lang=1&sort=seeders&order=desc",
    "replacement": [
      "title_lower",
      "season_int",
      "episode_int"
    ]
  },
  "search_url_format_movie": {
    "string_format": "/search_results.php?search=%s-%04d&cat=1&incldead=0&inclexternal=0&lang=1&sort=size&order=desc",
    "replacement": [
      "title_lower",
      "year_int"
    ]
  },
  "more_pages_indicator": "",
  "next_page_path" : "",
  "next_page_path_attr": "",
  "links_on_first_page": true,
  "drill_down_path": "",
  "drill_down_path_attr": "",
  "is_torrent": true,
  "is_direct": false,
  "links_container_path": "table tr.t-row:not(:has(td[colspan]))",
  "link_path": "",
  "link_path_attr": "",
  "title_path": "td a[title]",
  "title_path_attr": "title",
  "details_path": "|title_path|",
  "details_path_attr": "",
  "magnet_path": "td a[rel]",
  "magnet_path_attr": "href",
  "seeders_path": "td:eq(5)",
  "seeders_path_attr": "",
  "filesize_path": "td:eq(4)",
  "filesize_path_attr": "",
  "quality_path": "|title_path|",
  "quality_path_attr": "",
  "info_path": "|title_path|",
  "info_path_attr": ""
}
